{"cameraMode":{"drawMode":0,"name":"Shaded","section":"Shading Mode"},"sceneLighting":true,"audioPlay":false,"sceneViewState":{"m_AlwaysRefresh":false,"showFog":true,"showSkybox":true,"showFlares":true,"showImageEffects":true,"showParticleSystems":true,"showVisualEffectGraphs":true,"m_FxEnabled":true},"in2DMode":false,"pivot":{"x":442.7214050292969,"y":242.5694122314453,"z":-57.090484619140628},"rotation":{"x":0.009643062017858029,"y":-0.9897544980049133,"z":0.08184058219194412,"w":0.11663001030683518},"size":169.69850158691407,"orthographic":false}