{"cameraMode":{"drawMode":0,"name":"Shaded","section":"Shading Mode"},"sceneLighting":true,"audioPlay":false,"sceneViewState":{"m_AlwaysRefresh":false,"showFog":true,"showSkybox":true,"showFlares":true,"showImageEffects":true,"showParticleSystems":true,"showVisualEffectGraphs":true,"m_FxEnabled":true},"in2DMode":false,"pivot":{"x":490.0029602050781,"y":309.04095458984377,"z":120.30606842041016},"rotation":{"x":-0.01168595626950264,"y":-0.8884996771812439,"z":0.022661583498120309,"w":-0.45816975831985476},"size":2.4756991863250734,"orthographic":true}