{"cameraMode":{"drawMode":0,"name":"Shaded","section":"Shading Mode"},"sceneLighting":true,"audioPlay":false,"sceneViewState":{"m_AlwaysRefresh":false,"showFog":true,"showSkybox":true,"showFlares":true,"showImageEffects":true,"showParticleSystems":true,"showVisualEffectGraphs":true,"m_FxEnabled":true},"in2DMode":false,"pivot":{"x":515.329345703125,"y":266.2780456542969,"z":273.05718994140627},"rotation":{"x":0.14131514728069306,"y":-0.038597796112298968,"z":0.005514711141586304,"w":0.9891982078552246},"size":177.7836456298828,"orthographic":false}